{
  "schemaVersion": "1.0.0",
  "engine": {
    "targetFps": 60,
    "quality": "auto",
    "debug": true
  },
  "events": [
    {
      "id": "demo",
      "name": "Enhanced Features Demo",
      "scenes": ["intro", "transitions", "lighting", "camera", "animations", "layers", "outro"]
    }
  ],
  "transitions": {
    "intro-to-transitions": {
      "type": "crossfade",
      "duration": 800
    },
    "transitions-to-lighting": {
      "type": "slide",
      "duration": 1000,
      "direction": "left"
    },
    "lighting-to-camera": {
      "type": "zoom",
      "duration": 1200
    },
    "camera-to-animations": {
      "type": "wipe",
      "duration": 1000,
      "direction": "right"
    },
    "animations-to-layers": {
      "type": "dissolve",
      "duration": 1000
    },
    "layers-to-outro": {
      "type": "blur",
      "duration": 800
    }
  },
  "scenes": [
    {
      "id": "intro",
      "name": "Introduction",
      "duration": 5000,
      "transition": "intro-to-transitions",
      "layers": [
        {
          "id": "bg",
          "type": "gradient",
          "zIndex": 0,
          "config": {
            "colors": ["#667eea", "#764ba2"],
            "direction": "diagonal"
          }
        },
        {
          "id": "title",
          "type": "textBlock",
          "zIndex": 10,
          "config": {
            "text": "cinematicRenderer2D v2.0",
            "fontSize": 42,
            "fontFamily": "SF Pro Display, -apple-system, sans-serif",
            "color": "#ffffff",
            "textAlign": "center",
            "x": "50%",
            "y": "35%",
            "textShadow": "0 4px 20px rgba(0,0,0,0.5)",
            "fontWeight": "700"
          },
          "animations": [
            {
              "property": "opacity",
              "from": 0,
              "to": 1,
              "startMs": 500,
              "endMs": 2000,
              "easing": "ease-out"
            },
            {
              "property": "transform.scale",
              "from": 0.5,
              "to": 1,
              "startMs": 500,
              "endMs": 2000,
              "easing": "ease-out"
            }
          ]
        },
        {
          "id": "subtitle",
          "type": "textBlock",
          "zIndex": 9,
          "config": {
            "text": "Enhanced with Transitions • Lighting • Camera • Advanced Animations",
            "fontSize": 16,
            "fontFamily": "SF Pro Display, -apple-system, sans-serif",
            "color": "#f0f0f0",
            "textAlign": "center",
            "x": "50%",
            "y": "50%",
            "fontWeight": "400"
          },
          "animations": [
            {
              "property": "opacity",
              "from": 0,
              "to": 1,
              "startMs": 2500,
              "endMs": 3500,
              "easing": "ease-in"
            }
          ]
        },
        {
          "id": "glow-intro",
          "type": "glowOrb",
          "zIndex": 5,
          "config": {
            "x": "50%",
            "y": "35%",
            "radius": 80,
            "color": "#ffffff",
            "intensity": 0.3,
            "blur": 40
          },
          "animations": [
            {
              "property": "intensity",
              "from": 0,
              "to": 0.5,
              "startMs": 500,
              "endMs": 2500,
              "easing": "ease-out"
            }
          ]
        }
      ]
    },
    {
      "id": "transitions",
      "name": "Scene Transitions",
      "duration": 6000,
      "transition": "transitions-to-lighting",
      "layers": [
        {
          "id": "trans-bg",
          "type": "gradient",
          "zIndex": 0,
          "config": {
            "colors": ["#ff6b6b", "#ee5a6f", "#c44569"],
            "direction": "vertical"
          }
        },
        {
          "id": "trans-title",
          "type": "textBlock",
          "zIndex": 10,
          "config": {
            "text": "🎬 Scene Transitions",
            "fontSize": 36,
            "fontFamily": "SF Pro Display, -apple-system, sans-serif",
            "color": "#ffffff",
            "textAlign": "center",
            "x": "50%",
            "y": "25%",
            "textShadow": "0 3px 15px rgba(0,0,0,0.6)",
            "fontWeight": "700"
          },
          "animations": [
            {
              "property": "opacity",
              "from": 0,
              "to": 1,
              "startMs": 500,
              "endMs": 1500,
              "easing": "ease-out"
            }
          ]
        },
        {
          "id": "trans-desc",
          "type": "textBlock",
          "zIndex": 9,
          "config": {
            "text": "• Crossfade\n• Slide (up, down, left, right)\n• Zoom\n• Wipe\n• Dissolve\n• Blur",
            "fontSize": 18,
            "fontFamily": "SF Pro Display, -apple-system, sans-serif",
            "color": "#ffffff",
            "textAlign": "center",
            "x": "50%",
            "y": "55%",
            "lineHeight": 1.8,
            "textShadow": "0 2px 8px rgba(0,0,0,0.5)",
            "fontWeight": "400"
          },
          "animations": [
            {
              "property": "opacity",
              "from": 0,
              "to": 1,
              "startMs": 2000,
              "endMs": 3000,
              "easing": "ease-in"
            }
          ]
        }
      ]
    },
    {
      "id": "lighting",
      "name": "Dynamic Lighting",
      "duration": 7000,
      "transition": "lighting-to-camera",
      "layers": [
        {
          "id": "light-bg",
          "type": "gradient",
          "zIndex": 0,
          "config": {
            "colors": ["#0a0a0a", "#1a1a2e"],
            "direction": "vertical"
          }
        },
        {
          "id": "radial-light",
          "type": "light",
          "zIndex": 2,
          "config": {
            "mode": "radial",
            "x": "30%",
            "y": "40%",
            "radius": 200,
            "color": "#ff6b6b",
            "intensity": 0.8,
            "blendMode": "screen"
          },
          "animations": [
            {
              "property": "x",
              "from": "20%",
              "to": "40%",
              "startMs": 0,
              "endMs": 7000,
              "easing": "ease-in-out",
              "loop": true,
              "yoyo": true
            }
          ]
        },
        {
          "id": "spot-light",
          "type": "light",
          "zIndex": 3,
          "config": {
            "mode": "spot",
            "x": "70%",
            "y": "60%",
            "radius": 180,
            "angle": 45,
            "direction": 225,
            "color": "#4ecdc4",
            "intensity": 0.9,
            "blendMode": "screen"
          },
          "animations": [
            {
              "property": "direction",
              "from": 180,
              "to": 270,
              "startMs": 0,
              "endMs": 7000,
              "easing": "linear",
              "loop": true
            }
          ]
        },
        {
          "id": "light-title",
          "type": "textBlock",
          "zIndex": 10,
          "config": {
            "text": "💡 Dynamic Lighting",
            "fontSize": 36,
            "fontFamily": "SF Pro Display, -apple-system, sans-serif",
            "color": "#ffffff",
            "textAlign": "center",
            "x": "50%",
            "y": "15%",
            "textShadow": "0 3px 15px rgba(255,107,107,0.6)",
            "fontWeight": "700"
          },
          "animations": [
            {
              "property": "opacity",
              "from": 0,
              "to": 1,
              "startMs": 500,
              "endMs": 1500,
              "easing": "ease-out"
            }
          ]
        },
        {
          "id": "light-desc",
          "type": "textBlock",
          "zIndex": 9,
          "config": {
            "text": "Radial • Spot • Ambient • Vignette\nWith blend modes and animations",
            "fontSize": 16,
            "fontFamily": "SF Pro Display, -apple-system, sans-serif",
            "color": "#e0e0e0",
            "textAlign": "center",
            "x": "50%",
            "y": "85%",
            "lineHeight": 1.6,
            "textShadow": "0 2px 8px rgba(0,0,0,0.8)",
            "fontWeight": "400"
          },
          "animations": [
            {
              "property": "opacity",
              "from": 0,
              "to": 1,
              "startMs": 2000,
              "endMs": 3000,
              "easing": "ease-in"
            }
          ]
        }
      ]
    },
    {
      "id": "camera",
      "name": "Camera System",
      "duration": 8000,
      "transition": "camera-to-animations",
      "camera": {
        "x": 0,
        "y": 0,
        "zoom": 1,
        "rotate": 0
      },
      "cameraAnimations": [
        {
          "property": "zoom",
          "from": 1,
          "to": 1.3,
          "startMs": 1000,
          "endMs": 4000,
          "easing": "ease-in-out"
        },
        {
          "property": "zoom",
          "from": 1.3,
          "to": 1,
          "startMs": 4000,
          "endMs": 7000,
          "easing": "ease-in-out"
        },
        {
          "property": "rotate",
          "from": 0,
          "to": 5,
          "startMs": 2000,
          "endMs": 6000,
          "easing": "ease-in-out",
          "loop": true,
          "yoyo": true
        }
      ],
      "layers": [
        {
          "id": "cam-bg",
          "type": "gradient",
          "zIndex": 0,
          "config": {
            "colors": ["#4ecdc4", "#44a08d"],
            "direction": "diagonal"
          }
        },
        {
          "id": "cam-particles",
          "type": "particles",
          "zIndex": 2,
          "config": {
            "count": 100,
            "size": 2,
            "speed": 0.5,
            "color": "#ffffff",
            "opacity": 0.6,
            "type": "circle",
            "x": "50%",
            "y": "50%"
          }
        },
        {
          "id": "cam-title",
          "type": "textBlock",
          "zIndex": 10,
          "config": {
            "text": "📹 Camera System",
            "fontSize": 36,
            "fontFamily": "SF Pro Display, -apple-system, sans-serif",
            "color": "#ffffff",
            "textAlign": "center",
            "x": "50%",
            "y": "40%",
            "textShadow": "0 3px 15px rgba(0,0,0,0.6)",
            "fontWeight": "700"
          },
          "animations": [
            {
              "property": "opacity",
              "from": 0,
              "to": 1,
              "startMs": 500,
              "endMs": 1500,
              "easing": "ease-out"
            }
          ]
        },
        {
          "id": "cam-desc",
          "type": "textBlock",
          "zIndex": 9,
          "config": {
            "text": "Pan • Zoom • Rotate\nSmooth camera animations",
            "fontSize": 18,
            "fontFamily": "SF Pro Display, -apple-system, sans-serif",
            "color": "#ffffff",
            "textAlign": "center",
            "x": "50%",
            "y": "55%",
            "lineHeight": 1.6,
            "textShadow": "0 2px 8px rgba(0,0,0,0.5)",
            "fontWeight": "400"
          },
          "animations": [
            {
              "property": "opacity",
              "from": 0,
              "to": 1,
              "startMs": 2000,
              "endMs": 3000,
              "easing": "ease-in"
            }
          ]
        }
      ]
    },
    {
      "id": "animations",
      "name": "Enhanced Animations",
      "duration": 9000,
      "transition": "animations-to-layers",
      "layers": [
        {
          "id": "anim-bg",
          "type": "gradient",
          "zIndex": 0,
          "config": {
            "colors": ["#f093fb", "#f5576c"],
            "direction": "vertical"
          }
        },
        {
          "id": "anim-title",
          "type": "textBlock",
          "zIndex": 10,
          "config": {
            "text": "✨ Enhanced Animations",
            "fontSize": 36,
            "fontFamily": "SF Pro Display, -apple-system, sans-serif",
            "color": "#ffffff",
            "textAlign": "center",
            "x": "50%",
            "y": "20%",
            "textShadow": "0 3px 15px rgba(0,0,0,0.6)",
            "fontWeight": "700"
          },
          "animations": [
            {
              "property": "opacity",
              "from": 0,
              "to": 1,
              "startMs": 500,
              "endMs": 1500,
              "easing": "ease-out"
            }
          ]
        },
        {
          "id": "loop-demo",
          "type": "glowOrb",
          "zIndex": 5,
          "config": {
            "x": "25%",
            "y": "45%",
            "radius": 30,
            "color": "#ffff00",
            "intensity": 1.0,
            "blur": 15
          },
          "animations": [
            {
              "property": "y",
              "from": "40%",
              "to": "50%",
              "startMs": 0,
              "endMs": 2000,
              "easing": "ease-in-out",
              "loop": true,
              "yoyo": true
            }
          ]
        },
        {
          "id": "keyframe-demo",
          "type": "glowOrb",
          "zIndex": 5,
          "config": {
            "x": "50%",
            "y": "45%",
            "radius": 30,
            "color": "#00ffff",
            "intensity": 1.0,
            "blur": 15
          },
          "animations": [
            {
              "property": "x",
              "from": "45%",
              "to": "55%",
              "startMs": 0,
              "endMs": 1500,
              "easing": "ease-in-out",
              "loop": true,
              "yoyo": true
            }
          ]
        },
        {
          "id": "stagger-demo",
          "type": "glowOrb",
          "zIndex": 5,
          "config": {
            "x": "75%",
            "y": "45%",
            "radius": 30,
            "color": "#ff00ff",
            "intensity": 1.0,
            "blur": 15
          },
          "animations": [
            {
              "property": "opacity",
              "from": 0.3,
              "to": 1,
              "startMs": 0,
              "endMs": 1500,
              "easing": "ease-in-out",
              "loop": true,
              "yoyo": true
            }
          ]
        },
        {
          "id": "anim-desc",
          "type": "textBlock",
          "zIndex": 9,
          "config": {
            "text": "Loop & Yoyo • Keyframes • Stagger • Randomization",
            "fontSize": 16,
            "fontFamily": "SF Pro Display, -apple-system, sans-serif",
            "color": "#ffffff",
            "textAlign": "center",
            "x": "50%",
            "y": "70%",
            "textShadow": "0 2px 8px rgba(0,0,0,0.5)",
            "fontWeight": "400"
          },
          "animations": [
            {
              "property": "opacity",
              "from": 0,
              "to": 1,
              "startMs": 2000,
              "endMs": 3000,
              "easing": "ease-in"
            }
          ]
        }
      ]
    },
    {
      "id": "layers",
      "name": "New Layer Types",
      "duration": 8000,
      "transition": "layers-to-outro",
      "layers": [
        {
          "id": "layers-bg",
          "type": "gradient",
          "zIndex": 0,
          "config": {
            "colors": ["#2c3e50", "#3498db"],
            "direction": "vertical"
          }
        },
        {
          "id": "fog-layer",
          "type": "fog",
          "zIndex": 2,
          "config": {
            "density": 0.3,
            "color": "#ffffff",
            "speed": 0.5,
            "direction": 90,
            "opacity": 0.4
          }
        },
        {
          "id": "vignette",
          "type": "vignette",
          "zIndex": 8,
          "config": {
            "intensity": 0.5,
            "radius": 0.7,
            "color": "#000000"
          }
        },
        {
          "id": "layers-title",
          "type": "textBlock",
          "zIndex": 10,
          "config": {
            "text": "🎨 New Layer Types",
            "fontSize": 36,
            "fontFamily": "SF Pro Display, -apple-system, sans-serif",
            "color": "#ffffff",
            "textAlign": "center",
            "x": "50%",
            "y": "30%",
            "textShadow": "0 3px 15px rgba(0,0,0,0.6)",
            "fontWeight": "700"
          },
          "animations": [
            {
              "property": "opacity",
              "from": 0,
              "to": 1,
              "startMs": 500,
              "endMs": 1500,
              "easing": "ease-out"
            }
          ]
        },
        {
          "id": "layers-desc",
          "type": "textBlock",
          "zIndex": 9,
          "config": {
            "text": "Fog • Light • Parallax Groups\nNoise Overlay • Enhanced Vignette • Glow Effects",
            "fontSize": 18,
            "fontFamily": "SF Pro Display, -apple-system, sans-serif",
            "color": "#ffffff",
            "textAlign": "center",
            "x": "50%",
            "y": "55%",
            "lineHeight": 1.6,
            "textShadow": "0 2px 8px rgba(0,0,0,0.5)",
            "fontWeight": "400"
          },
          "animations": [
            {
              "property": "opacity",
              "from": 0,
              "to": 1,
              "startMs": 2000,
              "endMs": 3000,
              "easing": "ease-in"
            }
          ]
        }
      ]
    },
    {
      "id": "outro",
      "name": "Conclusion",
      "duration": 5000,
      "layers": [
        {
          "id": "outro-bg",
          "type": "gradient",
          "zIndex": 0,
          "config": {
            "colors": ["#0a0a0a", "#1a1a2e", "#16213e"],
            "direction": "radial",
            "centerX": 0.5,
            "centerY": 0.5
          }
        },
        {
          "id": "stars",
          "type": "starfield",
          "zIndex": 1,
          "config": {
            "count": 200,
            "speed": 0.1,
            "opacity": 0.8,
            "twinkle": true,
            "minSize": 0.5,
            "maxSize": 2
          }
        },
        {
          "id": "outro-glow",
          "type": "glowOrb",
          "zIndex": 5,
          "config": {
            "x": "50%",
            "y": "50%",
            "radius": 100,
            "color": "#667eea",
            "intensity": 0.5,
            "blur": 50
          },
          "animations": [
            {
              "property": "intensity",
              "from": 0.3,
              "to": 0.7,
              "startMs": 0,
              "endMs": 5000,
              "easing": "ease-in-out",
              "loop": true,
              "yoyo": true
            }
          ]
        },
        {
          "id": "thanks",
          "type": "textBlock",
          "zIndex": 10,
          "config": {
            "text": "cinematicRenderer2D v2.0",
            "fontSize": 32,
            "fontFamily": "SF Pro Display, -apple-system, sans-serif",
            "color": "#ffffff",
            "textAlign": "center",
            "x": "50%",
            "y": "45%",
            "textShadow": "0 3px 15px rgba(102,126,234,0.6)",
            "fontWeight": "700"
          },
          "animations": [
            {
              "property": "opacity",
              "from": 0,
              "to": 1,
              "startMs": 500,
              "endMs": 2000,
              "easing": "ease-in"
            }
          ]
        },
        {
          "id": "outro-subtitle",
          "type": "textBlock",
          "zIndex": 9,
          "config": {
            "text": "Ready for production • Framework agnostic • High performance",
            "fontSize": 16,
            "fontFamily": "SF Pro Display, -apple-system, sans-serif",
            "color": "#e0e0e0",
            "textAlign": "center",
            "x": "50%",
            "y": "58%",
            "fontWeight": "400"
          },
          "animations": [
            {
              "property": "opacity",
              "from": 0,
              "to": 1,
              "startMs": 2500,
              "endMs": 3500,
              "easing": "ease-in"
            }
          ]
        }
      ]
    }
  ]
}
