{
  "schemaVersion": "1.0.0",
  "engine": {
    "targetFps": 60,
    "quality": "high"
  },
  "events": [{
    "id": "masterpiece",
    "name": "Cinematic Masterpiece",
    "scenes": ["dawn", "sunrise", "daylight", "sunset", "twilight", "night"]
  }],
  "scenes": [
    {
      "id": "dawn",
      "name": "Dawn Breaking",
      "duration": 5000,
      "layers": [
        {
          "id": "bg",
          "type": "gradient",
          "zIndex": 1,
          "config": {
            "colors": ["#1a1a2e", "#2d3561", "#4a5899"],
            "direction": "to bottom"
          },
          "animations": [
            {
              "property": "config.colors.1",
              "from": "#2d3561",
              "to": "#5a6fb8",
              "startMs": 0,
              "endMs": 5000,
              "easing": "ease-out"
            }
          ]
        },
        {
          "id": "stars",
          "type": "starfield",
          "zIndex": 2,
          "config": {
            "count": 100,
            "speed": 0.1,
            "size": 2,
            "color": "#ffffff",
            "opacity": 0.8
          },
          "animations": [
            {
              "property": "config.opacity",
              "from": 0.8,
              "to": 0.2,
              "startMs": 2000,
              "endMs": 5000,
              "easing": "ease-in"
            }
          ]
        },
        {
          "id": "ambient-light",
          "type": "light",
          "zIndex": 3,
          "config": {
            "mode": "ambient",
            "color": "#1a1a3e",
            "intensity": 0.3,
            "blendMode": "overlay"
          },
          "animations": [
            {
              "property": "config.intensity",
              "from": 0.3,
              "to": 0.1,
              "startMs": 0,
              "endMs": 5000,
              "easing": "ease-out"
            }
          ]
        },
        {
          "id": "title",
          "type": "textBlock",
          "zIndex": 10,
          "config": {
            "text": "Dawn Breaking",
            "fontSize": "64px",
            "fontWeight": "bold",
            "color": "#ffffff",
            "textAlign": "center",
            "position": { "x": "50%", "y": "50%" },
            "transform": { "translateX": "-50%", "translateY": "-50%" },
            "textShadow": "0 4px 30px rgba(0,0,0,0.8)",
            "opacity": 0
          },
          "animations": [
            {
              "property": "config.opacity",
              "from": 0,
              "to": 1,
              "startMs": 500,
              "endMs": 2000,
              "easing": "ease-out"
            },
            {
              "property": "config.opacity",
              "from": 1,
              "to": 0,
              "startMs": 3500,
              "endMs": 5000,
              "easing": "ease-in"
            }
          ]
        }
      ]
    },
    {
      "id": "sunrise",
      "name": "Sunrise Glory",
      "duration": 6000,
      "layers": [
        {
          "id": "bg",
          "type": "gradient",
          "zIndex": 1,
          "config": {
            "colors": ["#ff6b6b", "#feca57", "#48dbfb"],
            "direction": "to top"
          }
        },
        {
          "id": "sun-glow",
          "type": "light",
          "zIndex": 2,
          "config": {
            "mode": "radial",
            "position": { "x": "50%", "y": "80%" },
            "radius": 300,
            "color": "#ffdd57",
            "intensity": 0.6,
            "blendMode": "screen"
          },
          "animations": [
            {
              "property": "config.position.y",
              "from": "80%",
              "to": "60%",
              "startMs": 0,
              "endMs": 6000,
              "easing": "ease-in-out"
            },
            {
              "property": "config.intensity",
              "from": 0.6,
              "to": 0.9,
              "startMs": 0,
              "endMs": 3000,
              "easing": "ease-out",
              "loop": true,
              "yoyo": true
            }
          ]
        },
        {
          "id": "particles",
          "type": "particles",
          "zIndex": 3,
          "config": {
            "count": 50,
            "speed": 0.5,
            "size": 3,
            "color": "#ffd93d",
            "opacity": 0.6,
            "direction": "up"
          }
        },
        {
          "id": "title",
          "type": "textBlock",
          "zIndex": 10,
          "config": {
            "text": "Sunrise Glory",
            "fontSize": "72px",
            "fontWeight": "bold",
            "color": "#ffffff",
            "textAlign": "center",
            "position": { "x": "50%", "y": "30%" },
            "transform": { "translateX": "-50%", "scale": 0.8 },
            "textShadow": "0 6px 40px rgba(255,107,107,0.8)"
          },
          "animations": [
            {
              "property": "config.transform.scale",
              "from": 0.8,
              "to": 1.0,
              "startMs": 0,
              "endMs": 2000,
              "easing": "ease-out"
            }
          ]
        }
      ]
    },
    {
      "id": "daylight",
      "name": "Bright Daylight",
      "duration": 5000,
      "layers": [
        {
          "id": "bg",
          "type": "gradient",
          "zIndex": 1,
          "config": {
            "colors": ["#56ccf2", "#2f80ed"],
            "direction": "to bottom"
          }
        },
        {
          "id": "clouds",
          "type": "fog",
          "zIndex": 2,
          "config": {
            "density": 0.3,
            "color": "#ffffff",
            "speed": 0.3,
            "direction": "right",
            "opacity": 0.4
          }
        },
        {
          "id": "sun-rays",
          "type": "light",
          "zIndex": 3,
          "config": {
            "mode": "spot",
            "position": { "x": "70%", "y": "20%" },
            "angle": 60,
            "direction": 135,
            "color": "#ffeb3b",
            "intensity": 0.4,
            "blendMode": "overlay"
          }
        },
        {
          "id": "title",
          "type": "textBlock",
          "zIndex": 10,
          "config": {
            "text": "Bright Daylight",
            "fontSize": "68px",
            "fontWeight": "bold",
            "color": "#ffffff",
            "textAlign": "center",
            "position": { "x": "50%", "y": "50%" },
            "transform": { "translateX": "-50%", "translateY": "-50%", "rotate": 0 },
            "textShadow": "0 4px 30px rgba(47,128,237,0.6)"
          },
          "animations": [
            {
              "property": "config.transform.rotate",
              "from": -5,
              "to": 5,
              "startMs": 0,
              "endMs": 2500,
              "easing": "ease-in-out",
              "loop": true,
              "yoyo": true
            }
          ]
        }
      ]
    },
    {
      "id": "sunset",
      "name": "Golden Sunset",
      "duration": 6000,
      "layers": [
        {
          "id": "bg",
          "type": "gradient",
          "zIndex": 1,
          "config": {
            "colors": ["#ff6b6b", "#ee5a6f", "#c44569", "#6c5ce7"],
            "direction": "to bottom"
          }
        },
        {
          "id": "sun",
          "type": "light",
          "zIndex": 2,
          "config": {
            "mode": "radial",
            "position": { "x": "50%", "y": "60%" },
            "radius": 400,
            "color": "#ff6348",
            "intensity": 0.8,
            "blendMode": "screen"
          },
          "animations": [
            {
              "property": "config.position.y",
              "from": "60%",
              "to": "85%",
              "startMs": 0,
              "endMs": 6000,
              "easing": "ease-in"
            },
            {
              "property": "config.radius",
              "from": 400,
              "to": 500,
              "startMs": 0,
              "endMs": 6000,
              "easing": "ease-out"
            }
          ]
        },
        {
          "id": "glow1",
          "type": "glowOrb",
          "zIndex": 3,
          "config": {
            "position": { "x": "30%", "y": "70%" },
            "radius": 150,
            "color": "#ffa502",
            "intensity": 0.5,
            "blur": 40
          },
          "animations": [
            {
              "property": "config.intensity",
              "from": 0.5,
              "to": 0.8,
              "startMs": 0,
              "endMs": 3000,
              "easing": "ease-in-out",
              "loop": true,
              "yoyo": true
            }
          ]
        },
        {
          "id": "glow2",
          "type": "glowOrb",
          "zIndex": 3,
          "config": {
            "position": { "x": "70%", "y": "75%" },
            "radius": 120,
            "color": "#ff6348",
            "intensity": 0.6,
            "blur": 35
          },
          "animations": [
            {
              "property": "config.intensity",
              "from": 0.6,
              "to": 0.9,
              "startMs": 500,
              "endMs": 3500,
              "easing": "ease-in-out",
              "loop": true,
              "yoyo": true
            }
          ]
        },
        {
          "id": "title",
          "type": "textBlock",
          "zIndex": 10,
          "config": {
            "text": "Golden Sunset",
            "fontSize": "76px",
            "fontWeight": "bold",
            "color": "#ffffff",
            "textAlign": "center",
            "position": { "x": "50%", "y": "35%" },
            "transform": { "translateX": "-50%" },
            "textShadow": "0 8px 50px rgba(255,99,72,0.9)"
          }
        }
      ]
    },
    {
      "id": "twilight",
      "name": "Twilight Hour",
      "duration": 5500,
      "layers": [
        {
          "id": "bg",
          "type": "gradient",
          "zIndex": 1,
          "config": {
            "colors": ["#2c3e50", "#3d5a80", "#4a5899"],
            "direction": "to bottom"
          },
          "animations": [
            {
              "property": "config.colors.0",
              "from": "#2c3e50",
              "to": "#1a1a2e",
              "startMs": 2000,
              "endMs": 5500,
              "easing": "ease-in"
            }
          ]
        },
        {
          "id": "stars-emerging",
          "type": "starfield",
          "zIndex": 2,
          "config": {
            "count": 80,
            "speed": 0.05,
            "size": 2,
            "color": "#ffffff",
            "opacity": 0
          },
          "animations": [
            {
              "property": "config.opacity",
              "from": 0,
              "to": 0.7,
              "startMs": 2000,
              "endMs": 5500,
              "easing": "ease-out"
            }
          ]
        },
        {
          "id": "twilight-glow",
          "type": "light",
          "zIndex": 3,
          "config": {
            "mode": "ambient",
            "color": "#5f27cd",
            "intensity": 0.2,
            "blendMode": "soft-light"
          },
          "animations": [
            {
              "property": "config.intensity",
              "from": 0.2,
              "to": 0.4,
              "startMs": 0,
              "endMs": 5500,
              "easing": "ease-in-out"
            }
          ]
        },
        {
          "id": "title",
          "type": "textBlock",
          "zIndex": 10,
          "config": {
            "text": "Twilight Hour",
            "fontSize": "70px",
            "fontWeight": "bold",
            "color": "#a29bfe",
            "textAlign": "center",
            "position": { "x": "50%", "y": "50%" },
            "transform": { "translateX": "-50%", "translateY": "-50%" },
            "textShadow": "0 6px 40px rgba(95,39,205,0.8)",
            "opacity": 0
          },
          "animations": [
            {
              "property": "config.opacity",
              "from": 0,
              "to": 1,
              "startMs": 1000,
              "endMs": 2500,
              "easing": "ease-out"
            }
          ]
        }
      ]
    },
    {
      "id": "night",
      "name": "Starry Night",
      "duration": 7000,
      "layers": [
        {
          "id": "bg",
          "type": "gradient",
          "zIndex": 1,
          "config": {
            "colors": ["#0a0a0f", "#1a1a2e", "#16213e"],
            "direction": "to bottom"
          }
        },
        {
          "id": "stars",
          "type": "starfield",
          "zIndex": 2,
          "config": {
            "count": 200,
            "speed": 0.2,
            "size": 2,
            "color": "#ffffff",
            "opacity": 0.9
          }
        },
        {
          "id": "nebula",
          "type": "nebulaNoise",
          "zIndex": 3,
          "config": {
            "colors": ["#667eea", "#764ba2", "#f093fb"],
            "scale": 2,
            "speed": 0.1,
            "opacity": 0.3
          }
        },
        {
          "id": "moon-glow",
          "type": "light",
          "zIndex": 4,
          "config": {
            "mode": "radial",
            "position": { "x": "75%", "y": "25%" },
            "radius": 200,
            "color": "#f0f0f0",
            "intensity": 0.7,
            "blendMode": "screen"
          },
          "animations": [
            {
              "property": "config.intensity",
              "from": 0.7,
              "to": 0.9,
              "startMs": 0,
              "endMs": 3500,
              "easing": "ease-in-out",
              "loop": true,
              "yoyo": true
            }
          ]
        },
        {
          "id": "shooting-stars",
          "type": "particles",
          "zIndex": 5,
          "config": {
            "count": 20,
            "speed": 2,
            "size": 2,
            "color": "#ffffff",
            "opacity": 0.8,
            "direction": "diagonal"
          }
        },
        {
          "id": "vignette",
          "type": "vignette",
          "zIndex": 6,
          "config": {
            "intensity": 0.6,
            "radius": 0.7
          }
        },
        {
          "id": "title",
          "type": "textBlock",
          "zIndex": 10,
          "config": {
            "text": "Starry Night",
            "fontSize": "80px",
            "fontWeight": "bold",
            "color": "#ffffff",
            "textAlign": "center",
            "position": { "x": "50%", "y": "50%" },
            "transform": { "translateX": "-50%", "translateY": "-50%", "scale": 0.5 },
            "textShadow": "0 8px 60px rgba(102,126,234,0.9)",
            "opacity": 0
          },
          "animations": [
            {
              "property": "config.opacity",
              "from": 0,
              "to": 1,
              "startMs": 1000,
              "endMs": 2500,
              "easing": "ease-out"
            },
            {
              "property": "config.transform.scale",
              "from": 0.5,
              "to": 1.0,
              "startMs": 1000,
              "endMs": 3000,
              "easing": "ease-out"
            }
          ]
        },
        {
          "id": "subtitle",
          "type": "textBlock",
          "zIndex": 11,
          "config": {
            "text": "A Cinematic Journey",
            "fontSize": "32px",
            "fontWeight": "300",
            "color": "#a29bfe",
            "textAlign": "center",
            "position": { "x": "50%", "y": "60%" },
            "transform": { "translateX": "-50%" },
            "textShadow": "0 4px 20px rgba(162,155,254,0.6)",
            "opacity": 0
          },
          "animations": [
            {
              "property": "config.opacity",
              "from": 0,
              "to": 1,
              "startMs": 3000,
              "endMs": 4500,
              "easing": "ease-out"
            }
          ]
        }
      ]
    }
  ],
  "transitions": [
    {
      "fromScene": "dawn",
      "toScene": "sunrise",
      "type": "crossfade",
      "duration": 1500,
      "easing": "ease-in-out"
    },
    {
      "fromScene": "sunrise",
      "toScene": "daylight",
      "type": "zoom",
      "duration": 1200,
      "easing": "ease-out",
      "config": {
        "direction": "in"
      }
    },
    {
      "fromScene": "daylight",
      "toScene": "sunset",
      "type": "slide",
      "duration": 1500,
      "easing": "ease-in-out",
      "config": {
        "direction": "left"
      }
    },
    {
      "fromScene": "sunset",
      "toScene": "twilight",
      "type": "dissolve",
      "duration": 2000,
      "easing": "ease-in-out"
    },
    {
      "fromScene": "twilight",
      "toScene": "night",
      "type": "blur",
      "duration": 1800,
      "easing": "ease-in",
      "config": {
        "blurAmount": 25
      }
    }
  ]
}
