{
  "schemaVersion": "1.0.0",
  "engine": {
    "targetFps": 60,
    "quality": "auto",
    "debug": true
  },
  "events": [
    {
      "id": "prologue",
      "name": "The Beginning",
      "scenes": ["intro", "setup"]
    },
    {
      "id": "chapter1",
      "name": "The Journey Starts",
      "scenes": ["departure", "forest", "encounter"]
    },
    {
      "id": "epilogue",
      "name": "The End",
      "scenes": ["resolution", "credits"]
    }
  ],
  "scenes": [
    {
      "id": "intro",
      "name": "Opening Scene",
      "duration": 8000,
      "layers": [
        {
          "id": "bg-gradient",
          "type": "gradient",
          "zIndex": 0,
          "config": {
            "colors": ["#0a0a0a", "#1a1a2e", "#16213e"],
            "direction": "radial",
            "centerX": 0.5,
            "centerY": 0.3
          },
          "animations": [
            {
              "property": "opacity",
              "from": 0,
              "to": 1,
              "startMs": 0,
              "endMs": 2000,
              "easing": "ease-in-out"
            }
          ]
        },
        {
          "id": "title-text",
          "type": "textBlock",
          "zIndex": 10,
          "config": {
            "text": "The Chronicles of Aetheria",
            "fontSize": 48,
            "fontFamily": "serif",
            "color": "#ffffff",
            "textAlign": "center",
            "x": "50%",
            "y": "40%",
            "textShadow": "0 0 20px rgba(255,255,255,0.5)"
          },
          "animations": [
            {
              "property": "opacity",
              "from": 0,
              "to": 1,
              "startMs": 2000,
              "endMs": 4000,
              "easing": "ease-out"
            },
            {
              "property": "transform.scale",
              "from": 0.8,
              "to": 1,
              "startMs": 2000,
              "endMs": 4000,
              "easing": "ease-out"
            }
          ]
        },
        {
          "id": "subtitle",
          "type": "textBlock",
          "zIndex": 9,
          "config": {
            "text": "Chapter I: The Awakening",
            "fontSize": 24,
            "fontFamily": "sans-serif",
            "color": "#cccccc",
            "textAlign": "center",
            "x": "50%",
            "y": "55%"
          },
          "animations": [
            {
              "property": "opacity",
              "from": 0,
              "to": 1,
              "startMs": 4500,
              "endMs": 6000,
              "easing": "ease-in"
            }
          ]
        },
        {
          "id": "stars",
          "type": "starfield",
          "zIndex": 1,
          "config": {
            "starCount": 200,
            "speed": 0.5,
            "brightness": 0.8,
            "twinkle": true
          }
        }
      ]
    },
    {
      "id": "setup",
      "name": "World Building",
      "duration": 12000,
      "layers": [
        {
          "id": "world-bg",
          "type": "gradient",
          "zIndex": 0,
          "config": {
            "colors": ["#2c1810", "#4a2c1a", "#6b3e2a"],
            "direction": "vertical"
          }
        },
        {
          "id": "mist",
          "type": "noiseOverlay",
          "zIndex": 3,
          "config": {
            "opacity": 0.3,
            "scale": 2,
            "speed": 0.2,
            "color": "#ffffff"
          }
        },
        {
          "id": "narrator-text",
          "type": "textBlock",
          "zIndex": 10,
          "config": {
            "text": "In a realm where magic flows like rivers through ancient stones...",
            "fontSize": 18,
            "fontFamily": "serif",
            "color": "#f0f0f0",
            "textAlign": "center",
            "x": "50%",
            "y": "20%",
            "maxWidth": "80%",
            "lineHeight": 1.6
          },
          "animations": [
            {
              "property": "opacity",
              "from": 0,
              "to": 1,
              "startMs": 2000,
              "endMs": 4000,
              "easing": "ease-in"
            },
            {
              "property": "opacity",
              "from": 1,
              "to": 0,
              "startMs": 8000,
              "endMs": 10000,
              "easing": "ease-out"
            }
          ]
        },
        {
          "id": "floating-particles",
          "type": "particles",
          "zIndex": 5,
          "config": {
            "particleCount": 50,
            "particleSize": 2,
            "speed": 0.3,
            "color": "#ffdd88",
            "opacity": 0.7,
            "movement": "float"
          }
        }
      ]
    },
    {
      "id": "departure",
      "name": "The Hero Departs",
      "duration": 10000,
      "layers": [
        {
          "id": "dawn-sky",
          "type": "gradient",
          "zIndex": 0,
          "config": {
            "colors": ["#ff6b35", "#f7931e", "#ffdc00"],
            "direction": "vertical"
          }
        },
        {
          "id": "sun-glow",
          "type": "glowOrb",
          "zIndex": 1,
          "config": {
            "x": "80%",
            "y": "20%",
            "radius": 60,
            "color": "#ffff88",
            "intensity": 0.8,
            "blur": 20
          },
          "animations": [
            {
              "property": "intensity",
              "from": 0.3,
              "to": 1.0,
              "startMs": 0,
              "endMs": 5000,
              "easing": "ease-in-out"
            }
          ]
        },
        {
          "id": "path-text",
          "type": "textBlock",
          "zIndex": 10,
          "config": {
            "text": "The path ahead is uncertain, but courage lights the way.",
            "fontSize": 20,
            "fontFamily": "serif",
            "color": "#2c1810",
            "textAlign": "center",
            "x": "50%",
            "y": "70%",
            "maxWidth": "70%"
          },
          "animations": [
            {
              "property": "opacity",
              "from": 0,
              "to": 1,
              "startMs": 3000,
              "endMs": 5000,
              "easing": "ease-in"
            }
          ]
        }
      ]
    },
    {
      "id": "forest",
      "name": "Through the Enchanted Forest",
      "duration": 15000,
      "layers": [
        {
          "id": "forest-bg",
          "type": "gradient",
          "zIndex": 0,
          "config": {
            "colors": ["#0d4f3c", "#1a5f4a", "#2d7a5f"],
            "direction": "radial",
            "centerX": 0.3,
            "centerY": 0.7
          }
        },
        {
          "id": "tree-shadows",
          "type": "vignette",
          "zIndex": 2,
          "config": {
            "intensity": 0.6,
            "radius": 0.8,
            "color": "#000000"
          }
        },
        {
          "id": "magical-dust",
          "type": "dust",
          "zIndex": 4,
          "config": {
            "particleCount": 100,
            "color": "#88ff88",
            "speed": 0.1,
            "size": 1.5,
            "opacity": 0.6
          }
        },
        {
          "id": "forest-text",
          "type": "textBlock",
          "zIndex": 10,
          "config": {
            "text": "Ancient whispers echo through the emerald canopy...",
            "fontSize": 16,
            "fontFamily": "serif",
            "color": "#ccffcc",
            "textAlign": "center",
            "x": "50%",
            "y": "15%",
            "maxWidth": "80%"
          },
          "animations": [
            {
              "property": "opacity",
              "from": 0,
              "to": 1,
              "startMs": 2000,
              "endMs": 4000,
              "easing": "ease-in"
            },
            {
              "property": "opacity",
              "from": 1,
              "to": 0,
              "startMs": 11000,
              "endMs": 13000,
              "easing": "ease-out"
            }
          ]
        }
      ]
    },
    {
      "id": "encounter",
      "name": "The Mysterious Encounter",
      "duration": 18000,
      "layers": [
        {
          "id": "mystical-bg",
          "type": "gradient",
          "zIndex": 0,
          "config": {
            "colors": ["#1a0d2e", "#2d1b4e", "#4a2c7a"],
            "direction": "diagonal"
          }
        },
        {
          "id": "energy-field",
          "type": "nebulaNoise",
          "zIndex": 1,
          "config": {
            "scale": 1.5,
            "speed": 0.5,
            "colors": ["#8844ff", "#4488ff", "#44ffff"],
            "opacity": 0.4
          }
        },
        {
          "id": "mystical-orb",
          "type": "glowOrb",
          "zIndex": 5,
          "config": {
            "x": "50%",
            "y": "50%",
            "radius": 40,
            "color": "#88aaff",
            "intensity": 1.2,
            "blur": 30
          },
          "animations": [
            {
              "property": "radius",
              "from": 20,
              "to": 60,
              "startMs": 0,
              "endMs": 8000,
              "easing": "ease-in-out",
              "loop": true,
              "yoyo": true
            },
            {
              "property": "intensity",
              "from": 0.8,
              "to": 1.5,
              "startMs": 0,
              "endMs": 6000,
              "easing": "ease-in-out",
              "loop": true,
              "yoyo": true
            }
          ]
        },
        {
          "id": "encounter-text",
          "type": "textBlock",
          "zIndex": 10,
          "config": {
            "text": "A presence stirs in the ethereal mists...",
            "fontSize": 22,
            "fontFamily": "serif",
            "color": "#ddddff",
            "textAlign": "center",
            "x": "50%",
            "y": "80%",
            "maxWidth": "70%",
            "textShadow": "0 0 10px rgba(136,170,255,0.8)"
          },
          "animations": [
            {
              "property": "opacity",
              "from": 0,
              "to": 1,
              "startMs": 5000,
              "endMs": 7000,
              "easing": "ease-in"
            }
          ]
        }
      ]
    },
    {
      "id": "resolution",
      "name": "The Resolution",
      "duration": 12000,
      "layers": [
        {
          "id": "peaceful-bg",
          "type": "gradient",
          "zIndex": 0,
          "config": {
            "colors": ["#f0f8ff", "#e6f3ff", "#cce7ff"],
            "direction": "vertical"
          }
        },
        {
          "id": "gentle-light",
          "type": "glowOrb",
          "zIndex": 1,
          "config": {
            "x": "50%",
            "y": "30%",
            "radius": 100,
            "color": "#ffffff",
            "intensity": 0.5,
            "blur": 50
          }
        },
        {
          "id": "resolution-text",
          "type": "textBlock",
          "zIndex": 10,
          "config": {
            "text": "And so, wisdom was gained, and the journey continued...",
            "fontSize": 20,
            "fontFamily": "serif",
            "color": "#2c3e50",
            "textAlign": "center",
            "x": "50%",
            "y": "60%",
            "maxWidth": "80%"
          },
          "animations": [
            {
              "property": "opacity",
              "from": 0,
              "to": 1,
              "startMs": 2000,
              "endMs": 4000,
              "easing": "ease-in"
            }
          ]
        }
      ]
    },
    {
      "id": "credits",
      "name": "Credits",
      "duration": 8000,
      "layers": [
        {
          "id": "credits-bg",
          "type": "gradient",
          "zIndex": 0,
          "config": {
            "colors": ["#000000", "#1a1a1a"],
            "direction": "vertical"
          }
        },
        {
          "id": "credits-text",
          "type": "textBlock",
          "zIndex": 10,
          "config": {
            "text": "Created with cinematicRenderer2D\n\nA demonstration of cinematic storytelling\nthrough code and imagination",
            "fontSize": 16,
            "fontFamily": "sans-serif",
            "color": "#cccccc",
            "textAlign": "center",
            "x": "50%",
            "y": "50%",
            "maxWidth": "60%",
            "lineHeight": 1.8
          },
          "animations": [
            {
              "property": "opacity",
              "from": 0,
              "to": 1,
              "startMs": 1000,
              "endMs": 3000,
              "easing": "ease-in"
            },
            {
              "property": "transform.translateY",
              "from": 50,
              "to": 0,
              "startMs": 1000,
              "endMs": 3000,
              "easing": "ease-out"
            }
          ]
        },
        {
          "id": "final-stars",
          "type": "starfield",
          "zIndex": 1,
          "config": {
            "starCount": 150,
            "speed": 0.2,
            "brightness": 0.6,
            "twinkle": true
          }
        }
      ]
    }
  ]
}